name,compilation,execution,output,correctness,size,runtime,memory
Sonsing,false,true,true,true,506.9863,265.2356,339.4435
Voltsillam,false,false,false,false,1999.579,208.1371,1514.8906
Voltsillam,true,true,true,false,631.796,1678.8815,1728.5767
Redhold,true,true,true,true,1125.1101,1088.0015,750.5136
Temp,true,true,true,true,1751.4613,1235.7545,974.884
Zamit,false,false,true,false,24.0928,1620.2229,899.6249
Bigtax,false,true,true,true,1724.3277,677.4547,1124.6394
Lotlux,true,false,true,false,1859.5809,480.8417,1152.9275
Sub-Ex,true,true,true,false,1178.598,1572.6695,268.4699
Home Ing,true,true,false,false,1688.7869,676.1181,849.2751
Tresom,true,false,true,true,672.375,1565.3923,1825.0362
Asoka,false,false,true,false,1784.2076,92.2156,1221.5331
Sonair,true,false,false,false,808.8346,713.4799,86.1205
Gembucket,true,false,false,true,148.562,1177.2555,938.8207
Voltsillam,true,false,true,true,1816.4734,663.0149,1962.3381
Alphazap,true,true,true,true,1513.4735,674.782,71.6383
Kanlam,true,false,false,false,1007.4964,849.8432,486.8795
Zamit,true,true,true,false,1072.9632,1903.5786,528.4564
Redhold,false,true,false,true,245.2272,3.7427,79.2301
Mat Lam Tam,false,true,false,false,811.6311,1350.1613,1358.8612
Konklab,true,false,false,true,596.6926,1351.5618,1567.1629
Keylex,true,false,true,false,1832.9767,1907.6466,751.6037
Sonsing,false,false,false,true,1850.0206,40.0361,1513.3131
Biodex,true,true,false,true,63.9303,1817.2624,1612.9539
Opela,false,false,false,true,606.4995,0.9952,1242.794
Solarbreeze,true,true,true,false,698.1623,730.8673,1229.1871
Keylex,false,true,false,true,651.9343,281.5991,502.1948
Stringtough,true,false,false,false,1884.7951,466.1036,1615.8001
Pannier,true,true,true,false,1720.1264,1434.7543,262.5366
Latlux,false,false,false,false,1651.2025,1288.0702,271.4477
Cardify,false,false,false,false,1158.9127,545.4544,1791.4191
Lotlux,true,true,true,true,62.2135,255.992,410.2134
Fix San,true,true,true,true,332.6607,617.9862,1961.0045
Cardguard,true,true,true,false,471.1049,1919.3202,1011.5242
It,true,true,false,true,1401.9661,486.3862,650.3554
Cardguard,true,false,false,true,720.1608,1580.4792,1320.4721
Bitchip,false,true,false,true,1985.0878,1110.8778,976.3076
Konklab,false,true,false,true,337.7518,1243.6008,1963.3202
Kanlam,false,false,false,true,1016.3148,1006.605,988.9415
Zoolab,false,false,false,true,1361.7065,1482.8968,1096.8478
Subin,false,false,true,false,194.6103,987.4959,1390.9681
Latlux,true,true,false,true,1153.7648,144.1963,152.2874
Wrapsafe,true,true,true,false,978.088,1671.6557,1589.8743
Quo Lux,false,true,true,true,1268.8761,1768.1101,56.6033
Flexidy,false,false,true,false,1469.6585,1223.5578,656.2173
Konklab,true,false,true,true,1730.8094,538.016,576.506
Opela,true,true,true,false,334.6679,223.5339,825.5996
Bamity,false,false,false,false,731.2352,405.1875,223.7447
Flowdesk,false,true,false,true,1948.4306,317.8747,1972.4412
Cardify,true,true,false,false,198.1826,1689.0251,542.4286
Stringtough,false,false,false,true,762.6483,1352.4895,1440.9528
Otcom,false,false,false,true,1825.3194,1705.4159,594.4307
Tresom,true,false,true,false,354.8388,1861.6153,505.9385
Y-find,true,false,false,false,86.5901,59.9743,1069.0513
Cardify,true,false,false,true,1539.5387,1232.7841,1496.2423
Opela,true,false,false,false,1568.5826,1975.334,1788.424
Lotlux,false,false,false,true,139.8776,1228.7845,54.3607
Matsoft,false,false,true,true,958.5432,1785.7376,164.5644
Vagram,false,false,false,false,662.6143,1829.5916,1162.1953
Tresom,true,true,false,false,411.5082,1668.4349,756.5996
Biodex,true,true,true,true,1073.1374,512.9264,1954.9078
Zoolab,false,false,false,true,244.0217,766.3984,440.8737
Lotstring,false,true,true,true,1715.0036,1945.3317,19.4468
Konklab,true,true,false,false,1132.3983,701.1018,1848.6788
Fix San,false,true,false,false,481.7589,186.4658,1334.5193
Cardguard,false,true,false,true,279.1266,1644.566,545.4377
Daltfresh,false,true,false,false,1703.4901,126.567,1751.9143
Y-find,true,true,true,true,911.0951,1222.8737,150.6408
Subin,false,false,true,false,1010.1742,1654.2691,1589.8678
Alphazap,true,true,true,false,1876.3318,1573.8041,388.5519
Ventosanzap,false,true,true,false,1729.8928,1442.9793,1245.8303
Zaam-Dox,false,false,false,true,647.1436,1965.4453,1490.237
Rank,false,false,true,false,283.572,1306.4116,1424.6006
Bitwolf,true,true,false,false,876.6404,367.3338,992.4354
Subin,true,false,true,false,591.2799,936.9494,1102.7006
Cardify,true,true,true,false,792.3189,1938.787,954.1402
Transcof,true,false,true,true,1096.9185,1866.4411,1019.7935
Bitchip,false,true,true,false,908.6108,652.5482,1274.8002
Temp,true,false,true,false,1712.5431,229.3218,8.9461
Ventosanzap,true,true,false,true,388.1578,1108.7528,30.7393
Prodder,false,false,true,true,1742.0225,1136.8693,1474.33
Y-Solowarm,false,false,false,false,931.168,887.0304,1417.9367
Prodder,false,true,true,true,252.8718,293.0431,998.2681
Kanlam,false,true,false,true,1575.225,348.4387,920.4781
Cookley,true,false,true,true,110.791,196.3225,1410.9518
Stim,false,false,false,true,1686.108,1373.737,1953.5364
It,false,false,false,false,436.0572,1516.9927,1823.4042
Vagram,false,true,false,false,109.7676,1117.3001,167.4331
Holdlamis,true,true,false,true,1077.6581,1754.4213,1716.7621
Voltsillam,false,false,false,true,1319.9473,210.1183,1659.3046
Y-Solowarm,false,false,true,true,688.1066,445.3223,896.7194
Cardguard,false,true,false,false,64.6719,1402.7643,1984.6946
Zontrax,false,false,true,false,898.6256,1700.7718,1088.3121
Voltsillam,true,false,false,false,1639.7551,1753.6698,293.4916
Ronstring,true,true,true,false,1496.3009,1103.4789,1502.8134
Bytecard,true,true,false,false,1787.1527,950.8515,1211.8492
Latlux,true,true,false,false,345.3376,834.5486,63.4648
Ronstring,true,true,false,false,1012.5097,1340.7291,765.635
Subin,true,false,true,false,1216.7651,922.9683,913.5409
Sonsing,true,true,true,false,1970.8449,1000.9413,1072.1277
Bitchip,false,false,true,true,1930.1199,261.2811,483.415
Flexidy,false,false,false,true,662.774,1721.8917,1650.8233
Stringtough,false,false,true,true,711.5237,1174.0138,1563.8038
Bigtax,false,false,true,true,10.4468,1445.2089,1374.1623
Voltsillam,false,true,true,false,1132.8078,927.2059,1586.9316
Cookley,true,true,false,true,1325.8285,1261.5158,45.489
It,false,false,true,true,1919.7728,1793.0314,338.6874
Voltsillam,false,false,false,true,1527.9864,1659.8123,1994.192
Zontrax,false,true,false,false,1552.0761,1261.9438,289.2178
Matsoft,true,true,true,true,864.9389,1880.8706,1403.8753
Zontrax,true,true,false,true,486.7547,1218.5055,808.9355
Lotstring,true,true,false,false,410.9984,1982.2429,1672.6979
Voyatouch,false,true,true,false,1250.4624,818.962,472.201
Matsoft,true,true,true,false,148.4335,1285.1448,66.0688
Alphazap,false,false,true,false,1755.694,19.9456,702.3057
Prodder,true,false,true,true,676.2662,1461.3974,1757.0542
Sonsing,false,true,true,false,1347.3435,224.3375,953.7178
Flexidy,true,true,false,true,302.8651,1973.618,1202.0226
Sonsing,true,false,false,true,1407.8828,198.3463,864.8593
Y-find,true,false,false,false,569.4876,81.0488,1219.8747
Y-Solowarm,false,true,false,true,1929.8123,1786.3487,1232.374
Solarbreeze,true,true,true,true,1383.4442,1047.6083,440.1591
Gembucket,false,true,true,true,1227.5882,581.1174,1741.119
Alphazap,false,false,true,false,1945.3649,1319.7454,323.7426
Zoolab,true,true,false,true,1478.2403,750.2895,1740.8065
Greenlam,true,false,false,true,536.1774,1182.8146,640.2206
Toughjoyfax,true,false,false,false,312.019,534.4098,38.7683
Sonsing,false,true,false,true,1287.8793,661.3622,1096.8716
Bitchip,true,false,false,false,714.8498,192.8379,1378.9059
Job,true,false,false,false,1100.6273,310.1047,881.2829
Subin,true,true,false,false,1321.8955,1421.7418,1859.9235
Solarbreeze,true,true,true,false,1321.3269,1672.8342,1451.3752
Sonsing,true,false,false,true,1926.6402,1137.4634,835.9163
Zaam-Dox,false,false,false,false,1425.9506,312.8582,1023.5794
Cookley,true,true,false,false,1694.4902,1704.7604,1345.2926
Stronghold,false,true,true,true,681.7544,1208.1338,1493.9086
It,false,false,false,true,590.0508,1026.3308,954.9229
Viva,false,true,true,true,1582.4674,1751.6062,36.7559
Fintone,true,false,true,true,1087.1065,1902.7136,1560.644
Konklux,false,true,true,true,1885.4071,1539.3286,444.5253
Tin,false,false,true,false,1549.5688,480.2943,352.3468
Opela,true,true,false,false,578.6988,435.449,1350.29
Mat Lam Tam,false,false,false,false,631.0133,1409.5886,589.2909
Fixflex,false,true,true,true,708.2255,1374.2998,1176.5175
Alpha,false,false,true,false,428.7255,1010.2874,886.7685
Tresom,false,true,true,true,381.2648,1903.6147,1468.7519
Lotstring,true,false,true,false,44.2048,916.9751,508.822
Span,false,false,true,false,366.4237,317.8885,1792.2908
Job,false,false,false,true,1997.3327,933.1019,229.5329
Stronghold,true,true,true,true,731.2384,591.3136,530.7526
Stronghold,false,false,false,true,376.5067,1974.5888,494.2742
Bamity,false,true,true,true,1949.9408,1055.2516,388.3564
Solarbreeze,true,false,false,false,1524.8356,148.4918,1715.5592
Alphazap,true,false,true,true,1188.7709,1888.6699,526.0162
Andalax,true,false,false,false,1736.286,840.7902,963.5568
Trippledex,true,false,false,false,705.1195,1669.1932,1808.0359
Fix San,true,true,true,false,325.2391,359.3487,1387.3742
Pannier,true,true,false,true,1469.981,1602.2181,657.1442
Vagram,true,false,true,true,729.6682,306.3966,18.3454
Flexidy,false,true,false,false,1782.2083,847.3422,185.3772
Tresom,true,false,true,true,1378.5367,598.2473,384.5427
Cardguard,false,true,false,true,857.158,1337.9734,372.1705
Voyatouch,false,true,false,true,347.2551,1814.6143,885.4298
Alphazap,true,false,true,false,202.8546,356.0164,746.305
Ronstring,true,false,true,true,958.2566,1749.4771,106.2016
Alphazap,true,true,false,true,1127.8971,1992.538,900.0963
Opela,true,false,false,true,1420.5891,587.295,515.6236
Ventosanzap,true,true,false,true,364.5155,233.6716,1901.6149
Prodder,true,true,true,true,505.6985,1031.5306,1550.4407
Treeflex,false,false,true,true,580.5919,1146.4114,1308.2631
Ventosanzap,true,false,true,false,1366.2146,976.8452,48.9549
Zoolab,false,true,false,false,1490.8857,503.7059,1670.9471
Sonair,true,false,false,true,1956.5788,1032.9095,882.1542
Flowdesk,true,false,false,false,201.4327,304.1754,1266.4532
Otcom,true,true,true,true,1854.1478,533.1968,1016.9696
Otcom,false,false,false,true,612.3887,8.8521,942.274
Span,false,true,true,true,1272.612,1951.2554,340.7678
Zaam-Dox,false,false,true,false,880.1146,1002.1742,505.1397
Voltsillam,true,false,true,false,773.3806,156.678,1201.4519
Pannier,false,false,true,false,1408.0372,1688.2017,1848.9888
Aerified,true,false,false,true,266.4942,600.7905,1737.0475
Tempsoft,false,true,false,false,1676.5856,604.4884,900.6749
Zoolab,false,true,true,false,38.4487,670.5553,1357.6366
Opela,false,false,false,false,421.3288,491.9234,1699.8741
Tampflex,true,true,true,false,623.686,545.3989,311.9817
Daltfresh,true,true,true,false,7.3081,686.4155,685.3443
Voltsillam,false,false,true,false,606.9681,857.1259,657.363
Zaam-Dox,false,false,false,false,805.6718,1482.2937,678.0886
Bitwolf,false,true,true,false,1241.4949,316.2347,53.2536
Transcof,true,false,false,false,1819.7131,1266.7133,1303.8363
Job,true,false,true,false,515.3963,788.3336,34.8451
Redhold,true,false,false,false,463.8465,1168.0005,490.6559
Lotlux,true,true,true,true,1536.756,697.6664,1635.3406
Veribet,false,true,true,true,546.6552,937.0229,1253.6171
Bitchip,false,false,false,true,1598.3331,116.2429,431.7982
Span,true,false,false,true,1016.5004,1726.9949,360.9316
Solarbreeze,false,false,true,true,603.19,1873.4492,1665.6073
Konklab,true,true,true,false,154.0986,1698.3702,1863.9733
Viva,true,false,true,true,1965.0584,3.3145,1387.167
Zaam-Dox,true,true,false,true,1517.2529,933.2822,364.502
Wrapsafe,true,true,true,true,1133.2168,1696.4439,359.7681
Regrant,false,false,true,true,232.2791,1428.8608,1468.2002
Tin,false,false,false,true,789.0221,1613.935,792.5703
Fixflex,false,false,false,false,1050.1434,78.7764,1836.7817
Andalax,true,false,true,false,696.1695,109.5559,1802.9866
Keylex,true,false,false,true,386.159,1520.2281,1094.5518
Gembucket,false,true,true,true,1042.4865,427.3507,1701.425
Bytecard,false,false,true,true,1849.8807,49.6792,1428.5172
Quo Lux,true,true,true,true,1091.5244,1514.6153,316.3991
Kanlam,false,false,true,true,1074.7904,288.8941,1630.3984
Domainer,false,false,false,true,1591.5723,1750.5443,1152.882
Y-find,false,false,true,true,1413.4932,1384.7687,171.2352
Sonair,false,true,true,false,62.5091,1433.3251,1083.5589
Treeflex,false,true,false,true,985.4312,1548.5789,1167.4865
Konklux,true,false,true,true,566.0298,638.5155,476.9045
Otcom,false,false,false,false,1089.8285,1914.0184,269.2162
Span,false,true,true,true,961.4175,324.6172,903.0253
Zaam-Dox,true,true,true,true,27.6743,1537.8671,1518.998
Alphazap,false,false,true,false,1890.7036,496.157,1167.6149
Viva,true,true,true,true,1071.239,245.583,1197.9816
Rank,true,false,true,false,878.0698,248.3223,1499.2364
Toughjoyfax,false,true,true,true,79.8705,1955.5128,441.3941
Kanlam,true,false,true,true,1440.4101,723.7434,696.2791
Sonair,true,true,false,true,1534.4721,8.3245,1764.4785
Sonair,false,false,false,false,52.7245,291.4419,276.9562
Zoolab,false,false,true,false,1376.7477,1959.8275,234.6349
Sonair,true,false,true,true,1167.7653,1293.1522,159.085
Subin,true,false,true,false,1100.2752,281.1438,1356.9451
Job,false,false,false,false,875.8896,559.8091,912.2542
Veribet,false,false,true,false,1482.0555,18.5001,1253.6276
Zontrax,false,true,false,true,1788.4298,379.6616,578.7129
Lotstring,false,true,true,false,1102.1383,200.6068,809.195
Sonair,false,true,false,true,1922.3882,1224.0668,1733.9132
Cookley,false,false,false,false,862.6547,1121.3799,611.4839
Voltsillam,false,false,false,false,1413.8409,1348.1392,1003.1647
Redhold,false,true,true,true,1925.0725,1793.1136,87.0173
Aerified,true,false,false,true,1914.4127,1149.1996,1044.5618
Aerified,false,false,true,false,233.4731,451.3702,1920.4539
Rank,true,true,false,true,529.6474,1225.5626,43.17
Kanlam,true,true,true,true,186.787,1270.3561,1775.8901
Tampflex,true,false,false,true,57.2855,1932.8279,1156.6842
Holdlamis,true,true,true,false,103.2462,1217.1323,769.3896
Andalax,true,true,false,true,1307.1984,1460.3623,215.6483
Greenlam,true,false,false,true,1008.056,951.4431,335.2061
Tres-Zap,false,false,true,true,1791.0438,1879.6355,122.5017
Holdlamis,false,false,false,false,1665.637,273.3319,299.8554
Home Ing,true,true,true,false,240.6863,185.7304,1780.4693
Holdlamis,true,true,true,false,992.7841,1320.8425,1997.6401
Solarbreeze,true,false,false,false,647.9258,1336.2383,1433.9566
Lotstring,false,false,true,true,582.7613,204.3298,1517.8696
Stim,true,true,false,true,796.514,1679.1823,331.0831
Fixflex,true,false,true,false,292.2319,278.5948,352.8432
Wrapsafe,false,true,false,false,1152.2709,1455.4305,274.6892
Veribet,false,false,false,false,158.0245,709.5248,1533.3526
Aerified,false,false,true,false,25.0926,565.5607,783.5049
Opela,true,false,false,false,1523.788,1277.0516,937.1509
Cardguard,false,true,true,false,348.8617,1836.0805,1237.1482
Tresom,true,false,true,true,957.8586,1144.1035,1373.5987
Home Ing,false,false,false,true,268.7943,877.0418,1801.5209
Bytecard,true,true,true,true,1733.2181,220.9998,1134.4984
Redhold,false,true,false,false,733.7553,752.0864,1307.8429
It,true,true,false,true,440.3718,573.1325,981.5273
Latlux,false,true,true,false,907.3952,633.4565,225.3046
Viva,false,true,false,false,1762.1797,1749.6758,1632.4895
Y-find,true,false,true,false,989.3753,1542.4211,1260.4378
Hatity,true,true,true,true,28.9538,110.4701,1135.5198
Voyatouch,false,true,true,true,962.1882,896.0552,354.7544
Subin,true,false,false,true,987.359,430.16,1693.6741
Konklab,true,false,false,false,1621.0134,406.2262,1030.4448
Span,false,false,false,false,1358.7631,1903.1832,1674.5632
Stringtough,true,true,true,true,1508.909,874.0997,1401.9306
Alpha,true,true,false,false,1787.318,177.5426,1318.8957
Rank,true,false,false,false,1847.6941,98.4275,1886.7171
Alpha,false,true,true,true,1631.5032,1911.4067,1484.0348
Quo Lux,true,false,true,true,237.9547,1397.1656,245.3254
Flexidy,true,false,true,true,467.2704,883.3021,236.9791
Fintone,true,true,true,false,1390.4099,1533.3981,1585.2267
Y-Solowarm,false,false,true,false,1341.6778,1226.8764,279.1516
Veribet,false,true,true,false,1015.8233,1470.9383,1368.5637
Zaam-Dox,true,false,false,true,795.8508,1677.2351,1570.0312
Greenlam,true,false,false,false,742.28,986.4683,1571.4503
Job,false,true,false,false,299.2701,1094.6199,1137.0706
Home Ing,true,false,false,false,1811.6166,1214.3562,1006.3925
Bitchip,false,true,false,false,527.8564,630.1038,837.4905
Flexidy,false,true,true,true,928.9053,174.7232,1166.4671
Veribet,false,true,false,false,1748.4348,229.5785,825.8026
Fixflex,false,true,false,true,1775.5496,672.8653,362.103
Aerified,false,false,true,true,424.8509,776.6972,1153.1893
Konklab,true,true,true,true,943.9382,535.7712,855.067
Duobam,false,false,true,true,709.603,1301.6748,712.4695
Flexidy,false,false,false,true,900.3107,1912.6879,106.2355
Bitwolf,true,true,false,false,1487.1205,333.6011,601.8048
Domainer,true,false,false,false,91.7226,908.8318,500.5592
Quo Lux,true,true,false,false,790.1289,1319.868,1660.1512
Bitchip,false,true,true,false,467.4887,1498.3012,1001.658
Fintone,false,false,true,false,554.9276,1331.9268,499.6079
Domainer,false,true,false,false,1572.0185,1181.2051,938.2483
Bitchip,true,false,true,false,1011.0158,1240.6845,1082.3854
Trippledex,true,true,false,true,744.4398,187.2096,1290.9895
Fixflex,true,true,true,false,1162.7079,422.1013,501.1711
Zamit,true,true,true,true,279.1397,1513.4397,10.4506
Rank,true,true,true,false,184.911,204.4908,1259.572
Hatity,true,true,false,true,1640.8149,1978.0837,256.0624
Cardguard,true,false,false,true,1873.3631,1264.3645,1291.482
Mat Lam Tam,false,false,false,false,1075.5151,979.3818,793.3637
Fintone,false,true,false,false,1896.5038,622.0652,460.7158
Tresom,false,false,false,false,1448.0297,239.5986,95.5622
Zathin,false,true,false,true,522.176,1370.2319,150.7992
Greenlam,true,true,true,false,842.1992,1919.6655,1827.8123
Job,true,true,true,false,413.9086,127.448,1847.1949
Matsoft,true,true,false,true,1725.7111,1892.2017,1858.0118
Toughjoyfax,true,false,true,true,1940.8229,1554.0763,1105.1987
Cardify,true,true,true,false,1152.0711,1141.9367,1803.2593
Zaam-Dox,false,false,true,false,1850.388,712.1041,1411.0951
Stim,false,true,false,false,1241.3013,1201.7148,423.9322
Span,true,false,false,false,413.8372,624.8116,252.2384
Tresom,false,false,false,true,1749.5637,895.411,673.0027
Stronghold,true,false,false,false,1223.2187,986.5005,1369.7427
Stronghold,false,false,true,false,1386.4503,1363.7159,1717.2094
Vagram,false,true,false,true,489.1933,1981.6595,1359.4382
Flowdesk,true,true,false,true,1575.4605,1996.7067,834.6188
Tin,true,false,false,true,1686.8252,67.0747,1334.4719
Bigtax,true,false,false,true,448.2903,1200.0301,1935.1198
Rank,false,true,true,true,1052.5846,1585.6883,1290.5969
Bigtax,false,true,false,false,1383.6406,119.3392,959.5273
Holdlamis,true,false,false,false,795.7876,1706.0115,1487.7873
Opela,true,false,false,true,577.5212,741.5574,858.2306
Flexidy,true,true,true,false,1923.3385,159.2414,826.2838
Kanlam,true,false,false,false,813.5497,1590.0115,475.8277
Zoolab,false,false,false,false,1384.8945,1793.0042,1204.4564
Zathin,true,true,false,false,1937.4552,989.1641,1595.8508
Keylex,true,true,true,false,1187.4928,1395.5905,1947.4459
Cardguard,false,true,false,true,1460.0042,1572.7216,1200.6754
Tresom,true,false,false,false,1058.7826,1382.3601,1166.6735
Keylex,true,false,false,true,775.0418,1141.9712,1488.2036
Gembucket,true,true,false,true,128.676,1006.6774,728.0985
Flowdesk,false,false,false,true,186.8474,955.4246,1381.0771
Domainer,true,true,false,true,1945.0989,1300.8851,1821.602
Bigtax,true,false,true,true,1282.7743,210.1684,1722.3582
Fintone,true,false,false,true,780.6161,823.538,1432.5552
Stringtough,true,false,false,true,966.1689,1339.3921,667.7337
Tres-Zap,true,false,false,true,707.5863,269.73,366.3536
Otcom,false,true,true,false,804.3221,1898.7649,1427.2558
Konklux,false,false,true,true,1844.9128,850.8173,1362.0495
Tres-Zap,true,true,true,true,1848.3753,121.6704,531.9271
Wrapsafe,false,false,false,false,852.4517,530.1274,1275.7304
Voltsillam,true,false,true,false,1882.1751,1897.4748,1148.1575
Y-Solowarm,false,true,false,false,1997.6599,430.6048,288.1301
Y-Solowarm,false,false,false,false,1985.0369,832.3057,1656.2834
Bytecard,true,true,false,false,930.6438,1153.5739,1904.1885
Fintone,false,true,true,false,664.3672,596.051,1360.0424
Zaam-Dox,true,false,true,false,1295.2981,47.3629,1772.551
Alpha,true,true,false,false,1557.6754,740.365,1035.027
Tres-Zap,true,false,true,false,373.0662,995.5141,1232.0828
Y-find,false,true,true,false,239.7035,1851.1244,1467.4416
Zamit,false,true,false,true,1517.6948,701.1415,916.2696
Stim,false,false,false,true,1753.023,811.9176,584.181
Prodder,true,false,true,true,302.1653,915.4195,1598.2066
Stim,true,true,true,true,1886.3208,726.0448,455.4864
Home Ing,true,false,true,false,1519.5328,314.005,395.0361
Cardify,false,true,true,true,1858.8039,1898.1402,191.1173
Holdlamis,false,true,true,false,229.169,337.4909,1160.7047
Gembucket,true,true,true,false,1850.339,1401.4004,1386.8445
Bamity,true,true,true,false,119.2792,1960.8636,973.4395
Mat Lam Tam,false,false,false,false,1654.9777,267.8657,826.8624
Voltsillam,true,false,false,true,1334.8456,661.5735,1755.6333
Zathin,false,false,false,true,716.4325,358.1747,872.3733
Quo Lux,false,true,false,false,993.3101,253.3982,832.8931
Toughjoyfax,false,false,true,true,1724.3564,98.6295,588.9795
Stronghold,true,true,true,true,646.3836,576.7733,80.1461
Ronstring,true,false,true,false,1732.886,317.5601,1930.2808
Stronghold,true,false,false,true,1964.241,487.5543,1629.261
Tampflex,false,false,false,false,1103.7489,1318.7766,1894.2458
Zathin,true,false,true,true,459.1321,503.8997,649.7729
Bamity,true,false,false,true,472.0661,951.6052,1173.2602
Stim,false,true,false,false,510.888,315.9882,1035.6936
Trippledex,false,true,false,false,138.8826,1046.8487,752.4197
Voyatouch,false,false,true,true,1625.9954,215.3529,128.1294
Sonsing,false,true,false,true,1505.4248,1752.3037,284.8693
Andalax,false,false,false,false,660.5339,175.0059,506.2
Ronstring,true,true,false,false,187.336,610.188,1723.8214
Cardify,true,false,false,true,1286.3629,1307.7134,512.1289
Tres-Zap,false,false,false,true,1131.2945,532.8045,1123.6113
Duobam,false,true,true,false,441.0134,187.6771,73.7315
Latlux,true,true,false,false,1362.5382,1284.2107,358.7929
Duobam,true,false,true,true,1963.1349,1137.0063,1761.0455
Cookley,true,true,true,true,1441.4963,1073.0735,139.0155
Konklux,false,true,true,true,974.6474,451.8613,568.9388
Biodex,true,false,true,true,1300.486,139.0006,770.8707
Greenlam,false,true,false,false,21.5026,1756.3603,377.2528
Hatity,false,false,false,true,371.1445,166.585,348.9608
Span,false,true,true,false,1583.0173,1695.6374,1448.7221
Quo Lux,true,true,true,true,1007.2042,176.2997,378.6146
Quo Lux,true,false,false,true,1967.1075,1132.7315,1676.1537
Sonair,true,false,true,false,1150.1044,1249.2764,1474.9134
Duobam,true,true,false,false,1994.7538,839.4272,1952.4554
Latlux,false,false,false,false,716.0929,1285.379,1398.0587
Stringtough,false,true,false,false,1926.7743,1266.8826,1448.8759
Bytecard,false,false,false,true,1023.5379,1381.0876,1604.9859
Treeflex,true,false,true,true,1163.0719,725.8636,1197.654
Cardguard,true,true,false,false,1817.132,1760.3076,478.6265
Vagram,false,true,false,true,777.8852,919.5086,1949.7041
Zoolab,true,true,false,true,1301.4279,1367.7314,1337.2237
Stim,true,true,true,true,247.0491,1712.2337,1758.2849
Tin,false,false,true,true,1938.1969,877.3263,1633.5998
Holdlamis,true,true,true,true,636.8691,381.5962,627.3916
Lotstring,true,false,false,true,1446.7728,974.4481,1353.0637
Bigtax,false,true,true,false,113.4538,462.6361,1516.9326
Zamit,false,false,false,false,79.4305,213.0736,232.5375
Andalax,true,true,false,true,1824.3619,1205.2189,1968.7965
Alpha,false,false,true,true,908.019,1792.0741,1073.6122
Zoolab,false,false,false,false,1839.2391,89.7625,1826.6731
Cardguard,true,true,false,true,368.7964,61.5324,218.7006
Overhold,false,false,false,true,1481.6983,373.8395,1082.6717
Cookley,true,true,false,true,1020.2321,1837.9922,1264.9023
Konklux,true,true,true,true,1165.4259,1496.2294,874.0424
Solarbreeze,false,false,true,false,598.6046,1572.0751,1645.3514
Prodder,false,true,true,true,272.3126,1631.5831,72.0204
Solarbreeze,false,false,false,true,999.3927,1575.1853,1478.3873
Aerified,false,false,true,true,659.5792,396.4589,1706.9337
Subin,false,true,true,true,1044.984,634.4076,668.418
Sonsing,true,true,false,true,703.6919,1363.6565,470.2987
Lotlux,true,true,true,false,1139.245,1810.7213,704.7071
Overhold,true,true,true,false,1829.2692,1045.6432,843.0647
Voltsillam,true,false,false,true,775.0029,143.7837,613.1591
Tempsoft,true,false,false,true,671.1915,1493.4961,1973.126
Redhold,true,true,true,true,1695.5546,1957.3745,676.7219
Regrant,false,true,false,true,1670.9057,484.1612,528.7543
Bitwolf,false,false,true,false,1356.4385,1042.018,550.2478
Cardify,true,false,false,false,1591.2569,904.6041,1732.5384
Opela,false,false,false,false,1484.6015,191.4542,554.9903
Asoka,true,false,true,false,1138.8422,614.1657,1726.14
Alphazap,false,false,false,false,526.4438,424.7449,155.9209
Job,true,true,true,false,1723.4336,485.2723,316.8802
Bamity,true,true,true,true,1606.271,121.8594,988.7603
Trippledex,true,true,true,true,329.7848,1141.0383,1795.9789
Rank,true,true,true,true,1753.8566,1578.5504,166.2402
Alphazap,false,false,false,false,1596.9832,752.9947,1269.6038
Trippledex,false,false,false,true,883.839,1226.9951,359.3786
Solarbreeze,true,false,true,false,1646.2686,1753.2534,1698.2545
Viva,false,true,true,true,276.6674,332.4557,1384.9316
Holdlamis,false,false,false,false,1591.9457,1040.3009,540.1347
Solarbreeze,false,false,false,true,907.4158,1557.6466,1508.8778
Alphazap,false,true,false,false,1607.5089,1780.847,986.3641
Y-Solowarm,true,false,true,true,410.8249,202.1265,849.9683
Voyatouch,false,true,false,false,1681.3387,391.7959,169.5338
Stim,true,true,true,true,1561.282,1529.3304,1595.0607
Zathin,false,true,false,true,397.1101,58.8545,1850.2146
Daltfresh,false,true,false,false,1923.9349,710.2334,1180.6429
Fintone,true,false,true,true,872.586,1701.81,1950.5091
Asoka,true,false,true,true,1830.0142,1644.9513,1510.6189
Y-Solowarm,true,false,true,true,500.0463,770.9485,318.2121
Alphazap,true,false,true,false,1044.7642,1092.4466,1885.26
Stringtough,false,false,true,true,787.3142,1746.2789,968.2777
Gembucket,true,false,true,false,304.6179,1879.877,385.703
Hatity,true,true,true,false,360.8464,1894.6951,1136.0053
Cardguard,false,true,true,false,1302.2912,1207.3621,854.383
Andalax,false,true,false,true,834.5754,420.5951,794.9423
Treeflex,false,true,true,true,1656.4506,13.1154,35.7821
Solarbreeze,true,false,false,false,524.3098,1452.5045,221.2381
Fintone,true,false,true,false,1735.3268,1848.3125,1421.2501
Hatity,false,true,true,false,1373.7165,564.6422,990.1067
Transcof,true,false,false,true,1622.6347,360.3229,1766.1862
Stringtough,true,true,true,true,1688.006,1857.7919,1665.902
Vagram,false,true,true,true,534.419,1954.952,1477.5871
Sub-Ex,true,true,true,false,121.5363,790.7683,1746.2869
Y-find,false,false,true,true,1143.3755,610.9422,1690.8736
Viva,false,true,false,true,567.9599,1835.4451,1859.4217
Cardguard,false,true,true,false,927.6798,1843.3556,1035.6058
Transcof,true,false,true,false,1163.7846,1146.9592,330.7531
Fintone,true,true,true,false,509.9133,1508.0488,1849.1915
Lotlux,true,true,false,true,325.6066,770.5683,1237.6381
Redhold,true,false,false,false,1817.9716,1316.6314,1650.4501
Viva,false,false,false,false,1351.7799,756.3802,1604.9286
Ronstring,false,true,true,true,335.2576,54.5409,95.3435
Tres-Zap,false,false,true,false,1875.033,1861.9997,1705.7452
Rank,false,false,false,false,1961.6679,1759.4211,1896.1628
Bigtax,false,true,true,true,301.588,1179.0018,6.8879
Job,false,false,false,false,1983.5928,884.9895,1383.7665
Biodex,true,false,true,false,379.2371,697.651,177.8601
It,false,false,false,false,957.1729,1002.1554,1568.784
Bitwolf,false,false,false,false,328.862,614.8478,1234.2918
Ventosanzap,false,true,true,true,1896.2054,1886.2151,1972.8455
Cardguard,true,false,true,true,1078.5328,983.5988,464.2417
Lotstring,true,false,false,true,568.2722,1312.2876,265.0036
Wrapsafe,true,true,true,true,398.3844,327.3949,1284.6292
Konklab,true,true,true,false,818.394,376.3805,1536.5984
Kanlam,false,false,true,false,184.3737,1834.7584,831.5766
Voyatouch,true,true,false,true,627.9527,1673.4941,1503.089
Andalax,false,false,true,true,1996.8763,970.597,746.4138
Voyatouch,false,false,false,true,1504.4257,1755.4942,689.1762
Konklux,false,true,true,false,1795.5121,14.8441,951.5259
Alpha,false,false,false,true,399.226,449.789,1843.4862
Zaam-Dox,false,true,true,true,694.8677,1122.1315,133.4495
Latlux,false,true,false,false,1192.4138,1318.1874,1218.2706
Lotlux,false,false,true,true,1424.5914,343.0232,1104.321
Konklux,false,false,false,false,431.3222,940.7289,30.4173
Otcom,false,true,false,false,523.0392,1440.44,1911.2869
Wrapsafe,false,false,true,false,1535.4646,464.9627,490.6809
Tempsoft,true,true,false,true,1649.0047,1652.9033,1586.0949
Subin,false,true,true,true,614.5784,1935.4075,318.7341
Tres-Zap,true,false,true,false,484.1438,57.1622,515.9721
Flowdesk,true,false,false,false,1517.9672,1796.5534,61.7794
Y-Solowarm,false,false,true,false,1023.4156,353.925,532.2058
Span,false,true,true,false,588.0038,1355.4154,1058.9599
Hatity,false,false,false,false,497.5002,469.0002,1392.7588
Ronstring,true,false,false,false,992.3115,863.7668,94.2827
It,true,false,false,true,410.7324,975.8237,1222.5499
Ronstring,true,false,true,false,249.279,1995.0241,534.8653
Regrant,true,false,false,false,1699.3023,893.4713,1012.7214
Trippledex,true,false,true,false,900.2892,614.4904,585.3335
Bigtax,false,true,true,false,1127.5472,1414.9813,1830.4641
Zaam-Dox,true,false,false,false,376.7284,1984.4852,948.129
Fintone,false,true,false,false,1729.3481,1125.0019,751.1109
Sub-Ex,false,true,false,false,538.6895,983.0096,568.3317
Vagram,false,false,true,false,911.2073,1798.0163,787.2292
Rank,true,true,true,false,304.0203,634.5901,1804.5385
Toughjoyfax,false,true,false,false,1849.2507,565.4653,624.6825
Y-find,true,false,false,true,41.516,1604.9507,352.3621
Trippledex,false,true,true,true,572.9445,1834.5836,1259.2069
Lotlux,true,true,true,false,929.099,1644.5094,646.8427
Namfix,false,false,true,false,809.2431,1191.528,1293.0784
Lotstring,true,true,false,true,943.771,1459.9921,1133.0625
Konklux,true,false,false,false,709.6835,1128.2998,498.9469
Cardguard,false,false,true,true,242.7072,439.2798,1947.7221
Stringtough,true,true,false,true,1643.6775,429.5908,420.7922
Quo Lux,false,false,false,false,1020.3059,1038.8249,1204.8731
Domainer,false,true,true,true,112.0875,1021.682,384.0885
Lotlux,false,true,true,false,125.0759,677.3391,563.2347
Cookley,false,true,true,false,1892.0429,1195.4404,810.6137
Voltsillam,true,false,true,false,1867.0613,1919.6852,685.4735
Stronghold,true,true,false,false,492.1095,113.2044,176.113
Latlux,true,true,false,false,890.234,1187.8652,1547.9091
Subin,false,false,true,false,1766.1833,1859.5043,70.4458
Transcof,false,true,true,true,1096.1537,1452.2348,475.3514
Voyatouch,true,true,false,false,695.3799,496.3359,192.5321
Domainer,true,false,true,false,1267.7067,1744.4636,675.0371
Namfix,false,false,true,true,1207.0451,1783.5041,1016.1572
Ronstring,false,false,true,true,931.1559,1736.3085,138.1384
Ronstring,false,true,false,false,946.2191,1835.6976,485.3372
Trippledex,false,false,true,false,1468.2182,262.5343,1823.9612
Fintone,false,false,true,false,454.2602,1437.2571,1503.8327
Viva,false,false,true,true,1582.3571,1922.8747,947.7931
Sonair,true,false,false,false,1125.8501,289.2458,1374.4401
Prodder,true,true,true,false,844.1965,183.4497,745.0883
Tresom,true,true,true,false,100.4143,820.2598,965.2339
Biodex,false,true,false,false,994.2478,51.0298,146.2492
Bytecard,true,true,false,true,1720.8724,81.8752,815.8679
Konklux,true,true,false,false,867.4223,1094.0879,152.1944
Lotlux,false,false,true,false,1840.3722,1745.475,1757.0395
Zamit,true,true,true,false,303.9682,1859.0599,1166.3627
Zaam-Dox,true,true,false,false,1340.1161,1201.1826,709.7547
Toughjoyfax,true,true,true,false,177.5069,867.1776,1121.0468
Pannier,false,false,false,false,1739.1998,1073.6005,474.2116
Bytecard,false,false,false,true,1698.3074,1786.7983,1697.8784
Bytecard,false,true,false,true,608.4818,1490.4681,1853.2209
Latlux,false,true,false,true,293.0451,1925.6593,1340.0352
Flexidy,true,false,false,false,1137.0515,150.952,636.6531
Voltsillam,false,true,true,false,1196.8995,1735.2109,1470.9205
Cardify,false,false,true,true,527.8159,94.6956,301.1858
Aerified,false,false,true,false,1092.3557,1868.8507,1853.5041
Wrapsafe,true,false,true,true,636.9019,1911.2645,1121.3175
Vagram,false,false,false,false,290.6236,131.8756,135.5
Overhold,true,false,false,false,1719.4458,1329.7484,1501.034
Konklux,false,true,false,false,1678.4843,811.1944,674.3591
Voltsillam,true,false,true,true,821.5963,386.6952,1171.9148
Hatity,true,true,true,false,1452.2753,349.6827,686.4847
Wrapsafe,false,true,false,false,596.1625,1520.5499,91.1186
Fintone,true,false,true,true,641.4809,913.283,1381.1372
Job,true,false,true,false,1994.7592,38.7747,271.7527
Namfix,true,false,false,false,143.3755,1317.6868,1296.3854
Bitwolf,false,true,true,true,832.7041,1643.1461,666.9228
Daltfresh,true,false,true,false,1440.9074,1781.4523,689.0445
Duobam,false,true,true,true,129.0817,1117.3629,816.6076
Lotstring,true,true,false,true,546.8557,150.6647,1932.3544
Redhold,false,true,false,true,1563.264,1676.5979,949.4745
Bitwolf,true,false,false,true,1633.609,1992.5797,1232.7731
Bytecard,false,false,false,true,1459.0396,1301.5027,266.1722
Job,true,false,false,true,1545.2449,1671.9757,1882.4193
Mat Lam Tam,true,true,true,false,1396.4801,146.9495,1373.9459
Hatity,false,false,true,false,1963.7993,934.7123,1249.8148
Cardguard,false,true,true,true,1400.3657,1991.6884,1626.2861
Daltfresh,false,true,true,false,1291.8413,1544.6993,1975.0167
Treeflex,false,false,true,true,1276.9344,1737.2589,739.1381
Subin,true,true,true,true,189.7867,1324.6704,264.3825
Tempsoft,true,true,false,true,953.0209,979.8925,1301.4887
Bytecard,false,false,false,true,529.3725,1448.4744,653.2874
Bitchip,true,false,false,false,798.7636,1527.951,1708.1361
Job,false,false,false,false,232.9092,1522.9868,1573.0647
Redhold,false,true,false,false,24.932,709.7358,595.052
Aerified,true,true,false,false,701.7311,34.2072,1272.4165
Duobam,true,false,true,true,842.8079,1389.4783,740.2882
Fintone,false,true,false,true,485.1189,642.8285,929.627
Temp,false,true,false,false,300.6072,359.7404,482.0433
Sub-Ex,true,true,true,true,304.5089,1676.7489,718.7965
Zoolab,true,false,false,false,1284.7974,1727.0631,480.6412
Cardify,true,false,true,true,1455.7729,926.5574,1774.607
Zathin,true,true,false,true,1386.9587,1378.6616,449.2357
Bitchip,true,false,false,true,1591.1658,1956.7795,1991.789
Gembucket,true,false,false,true,1180.4617,1617.4235,1687.3661
Konklab,false,false,false,false,45.4801,531.0331,1745.5846
Bytecard,false,true,true,false,451.7736,406.1603,491.7228
Stronghold,false,false,true,false,1805.7608,1024.8097,432.4192
Bamity,true,false,false,true,35.8514,770.6568,1194.0387
Lotlux,true,true,false,false,433.4602,729.514,201.7465
Cardify,false,false,true,false,232.1652,305.4135,209.8937
Treeflex,false,true,false,true,1689.7403,528.3782,1022.4249
Bigtax,true,false,true,true,1971.5957,612.1695,170.8708
Namfix,false,false,true,false,1047.8809,465.877,1174.4275
Ronstring,false,true,true,true,1247.1013,492.8141,1271.1363
Span,false,true,false,true,1210.0829,1141.7177,1171.2741
Konklab,false,true,true,false,1622.9414,744.6187,1450.3373
Lotstring,false,true,false,true,1616.2832,1186.6383,113.3228
Bigtax,true,false,false,true,563.7917,158.3997,62.6516
Wrapsafe,false,false,true,true,338.158,52.8821,270.2846
Ventosanzap,true,true,false,false,449.67,576.5471,251.0244
Biodex,false,false,false,false,125.1636,1027.564,1310.9046
Tempsoft,false,false,true,false,1925.4726,1145.1441,339.0862
Bitchip,false,true,true,false,687.2904,1231.1247,1764.1686
Opela,true,false,true,true,660.7862,350.1064,133.7083
Rank,true,false,false,false,398.7608,1293.9921,1449.5173
Voyatouch,false,true,true,true,229.6304,168.1699,1377.1876
Zathin,false,true,true,false,992.9338,92.3773,969.611
Home Ing,true,false,true,true,1840.3458,1790.9255,17.832
Bytecard,false,false,false,true,1511.7245,378.0846,1710.4545
Cardguard,true,false,true,false,47.7608,96.1109,430.7714
Sonsing,false,false,true,true,595.4411,967.4157,1527.0163
Zontrax,true,true,true,true,1591.4153,1652.56,1625.2249
Span,false,true,true,false,1120.4776,1226.3292,1511.8872
Veribet,false,false,true,false,1351.2517,766.3448,167.8152
Fix San,false,true,true,true,220.0661,1274.3134,232.7087
Flexidy,false,false,true,true,635.8043,727.3766,1996.5149
Namfix,false,false,true,false,412.4142,838.9069,1960.9915
Trippledex,true,false,true,false,1749.5397,48.2309,1818.9465
Tempsoft,false,true,true,false,272.0074,1292.4352,949.9598
Domainer,true,true,false,true,1764.233,1386.0796,966.3337
Trippledex,true,true,true,true,1724.403,1224.8601,1136.0884
Viva,false,true,false,true,1865.4546,547.9716,1463.5891
Kanlam,false,false,true,false,1627.2366,785.6337,1165.0106
Stim,false,true,false,true,583.5972,1431.4876,1521.3273
Toughjoyfax,true,false,true,false,1293.2874,226.2705,865.0312
Gembucket,true,false,false,false,1363.2614,76.3773,889.631
Andalax,true,true,true,true,493.7162,492.8018,860.1939
Treeflex,false,false,true,false,848.6691,47.3124,1582.7925
Sub-Ex,true,false,false,false,144.0243,661.4952,125.5673
Flowdesk,true,false,false,false,1890.3608,747.6288,324.0602
Transcof,true,false,false,true,1417.3702,1519.105,1078.6367
Zathin,false,true,false,true,1709.0266,1046.0767,1825.9082
Opela,false,true,true,true,684.1706,787.0214,1803.0601
Cardify,true,true,true,true,1378.7096,1831.4171,574.2724
Keylex,false,true,false,false,1211.2659,1710.9816,292.6735
Transcof,true,true,false,true,1960.3093,113.8788,1607.3488
Greenlam,false,true,false,false,309.058,434.35,1793.4676
Zathin,false,true,false,false,60.253,1985.1022,931.1928
Voltsillam,true,false,true,false,776.7599,927.0583,922.5029
Bitwolf,false,true,false,false,215.7726,468.2605,1823.4115
Latlux,true,true,true,true,535.8866,918.5037,443.8
Hatity,true,false,true,false,596.7045,1294.1655,267.8586
Temp,true,true,true,true,622.2496,89.2029,1666.2105
Lotlux,false,true,true,true,1489.4751,1276.7084,1270.0017
Sonsing,true,false,false,true,468.4528,238.7183,46.2758
Transcof,true,true,false,true,1662.2353,494.515,488.5713
Span,true,true,false,false,1137.1264,879.512,983.6806
Konklux,false,false,true,false,112.4831,1708.7688,1715.7416
Latlux,true,false,false,true,1832.0689,1438.0507,566.206
Rank,false,true,false,true,7.7347,285.7685,1021.2252
Rank,true,false,false,true,1186.4397,1618.5243,1812.6106
Tres-Zap,false,true,false,false,962.2297,1140.8128,1061.8564
Domainer,false,false,false,true,157.0917,37.4406,863.3516
Zaam-Dox,true,true,false,false,229.0902,1008.1646,846.588
Overhold,true,true,false,true,1778.6346,306.049,1382.399
Job,false,false,true,false,1156.5597,1068.5381,1838.9799
Namfix,false,true,false,true,1325.7335,1753.3098,1832.4344
Subin,true,true,true,true,1648.636,335.84,821.6229
Flexidy,true,true,false,false,1913.5574,1956.262,1778.4707
Matsoft,false,false,true,true,408.2902,1617.6747,1143.5863
Bigtax,false,false,false,false,1487.5657,1305.5952,265.2046
Tempsoft,false,true,false,false,908.0685,1673.3816,1720.0584
Keylex,false,false,false,false,1750.9538,849.3787,93.922
Hatity,false,false,true,true,105.6111,216.1509,546.6852
Overhold,false,false,true,true,328.2551,1335.9243,502.1984
Alpha,false,true,false,true,1747.061,1537.7476,1491.9945
Solarbreeze,true,true,true,false,1805.9423,99.69,458.8123
Holdlamis,true,false,true,true,1216.9965,1324.764,6.4071
Lotlux,true,false,true,false,672.4373,794.8578,1419.0918
Zoolab,true,false,true,false,569.9334,898.8869,34.222
Tampflex,true,false,true,true,1002.3974,797.6187,434.5616
Wrapsafe,false,true,false,false,902.75,1311.354,957.9662
Prodder,true,false,true,true,351.481,963.091,1585.6979
Stim,true,false,false,false,1788.6256,333.5242,373.3677
Sonsing,false,true,false,true,301.2739,1081.4449,1149.7064
Prodder,false,true,true,true,91.0842,860.5223,1837.6071
Y-find,true,true,false,false,689.4108,1512.2907,1163.1173
Voyatouch,true,false,true,true,945.4712,771.5733,1281.7073
Namfix,false,true,false,true,594.0451,1402.7829,630.3665
Domainer,false,true,true,true,545.8147,1421.9062,1586.4942
Tres-Zap,true,false,false,true,592.3239,160.1843,656.2393
Wrapsafe,false,true,false,false,1125.0256,737.8563,1148.1362
Tresom,true,false,true,true,198.1274,606.155,1932.1575
Trippledex,false,false,true,true,319.7938,510.1058,62.4462
Andalax,true,true,false,true,1871.5688,1481.2319,734.6498
Aerified,false,false,true,false,1521.4584,1010.7689,1378.11
Otcom,true,false,true,false,1356.3824,398.7623,1628.2915
Flowdesk,false,false,true,false,1275.2841,1716.7895,705.3615
Zoolab,true,true,true,false,1822.5788,1561.1168,1520.6989
Zontrax,true,false,false,true,872.6227,234.705,1292.7551
Trippledex,true,false,true,true,1406.7087,518.6649,1274.5418
Latlux,false,false,true,true,1577.1429,1476.3468,693.5313
Tampflex,false,true,false,false,1543.3205,1459.6256,1928.1955
Fixflex,true,true,false,true,974.2837,1637.6548,599.3548
Zontrax,true,true,true,true,1425.9691,747.8035,807.2073
Alpha,false,false,false,true,1997.3165,1027.9738,1353.9468
Job,false,false,true,false,1426.8394,1080.8578,1980.8022
Treeflex,true,false,false,false,475.9337,22.9879,160.9626
Y-find,true,true,false,true,1969.5388,1034.5991,1409.1048
Treeflex,false,true,true,true,839.2501,1315.7429,119.2969
Subin,true,false,true,false,832.5415,1271.589,1079.0527
Tin,true,false,false,true,1896.1699,822.6416,579.4507
Transcof,true,true,true,true,1718.0103,739.0553,1110.9595
Sub-Ex,false,true,false,false,563.1993,32.2901,1294.1823
Duobam,true,false,false,false,679.1123,1050.5961,1822.0118
Y-find,true,true,false,true,1994.6674,642.5789,846.278
Biodex,false,false,true,false,1637.6103,1279.7345,1381.3367
Biodex,true,false,true,true,1011.0066,309.7163,24.3933
Transcof,false,true,true,true,356.9801,1951.8519,971.0342
Solarbreeze,true,true,false,true,1177.9388,1326.3535,484.5803
Transcof,false,false,false,false,341.2632,358.0278,1462.9408
Bigtax,true,false,false,false,1860.8492,1988.8361,557.2263
Trippledex,false,false,false,true,1351.6443,799.947,1020.205
Quo Lux,false,true,false,true,605.9966,1289.3178,1438.0138
Flexidy,true,false,true,true,791.7201,1905.5145,1722.4762
Veribet,false,false,true,true,1701.1257,1864.0295,1738.6775
Subin,false,false,true,false,775.9067,1303.7896,1927.0057
Daltfresh,false,true,false,true,1454.1054,1947.3206,1270.9968
Overhold,true,true,true,true,790.439,26.1737,1433.1888
Y-Solowarm,true,false,true,false,1021.0267,1965.3842,992.3505
Lotlux,true,true,false,true,151.6154,745.6886,640.1672
Voltsillam,false,true,false,true,1514.6316,1535.757,465.587
Bytecard,true,true,true,true,908.1723,1703.9693,1933.1427
Sub-Ex,false,false,true,true,1355.6042,557.516,1528.0537
Rank,true,true,false,true,853.5051,1653.4406,1100.7882
Aerified,true,true,true,true,783.1333,1030.0391,719.4648
Otcom,true,false,false,true,1355.5879,238.996,230.9208
Biodex,false,false,false,true,706.3285,520.552,1796.649
Greenlam,false,true,false,false,763.4954,259.8123,426.6248
Bamity,false,false,true,true,1937.4014,1276.5553,275.0503
Zamit,true,true,true,true,1642.2014,1975.6287,994.2854
Y-Solowarm,false,false,false,false,218.9014,641.4972,512.1165
Konklux,false,false,true,false,903.875,1581.7419,132.4653
Bitchip,false,false,false,false,1008.9404,1060.4907,771.3116
Konklux,false,false,false,false,963.1697,234.8211,1557.5549
Opela,true,true,false,true,722.3001,1211.8542,701.7105
Sonair,true,false,true,false,1900.7108,1759.5755,1474.3175
Fixflex,true,true,false,false,1157.8711,486.2736,1508.6627
Regrant,true,false,false,false,1966.5743,266.7531,694.7997
Zoolab,false,false,false,false,268.1748,794.4278,959.0172
Fixflex,false,true,false,false,744.1838,68.8733,1715.8007
Asoka,false,false,false,false,1102.2985,1331.3931,94.0117
Asoka,false,true,true,false,1617.2291,1705.7126,1789.5848
Toughjoyfax,true,true,true,false,436.1456,521.0646,1835.7837
Fix San,true,true,false,false,1920.2804,1138.5682,1315.9937
Alpha,false,false,true,true,1117.6722,1132.822,1149.1951
Domainer,false,false,true,false,1245.5418,800.8338,440.1819
Ventosanzap,true,false,true,false,921.9617,221.0066,1517.7678
Duobam,true,false,false,false,411.9727,1999.4977,397.2405
Span,false,true,false,false,391.0972,1579.8878,669.9832
Aerified,true,false,true,true,1853.849,1331.6579,1373.6711
Fintone,true,true,true,true,139.5353,462.2597,700.5767
Stim,false,true,false,false,1880.4324,1439.2865,123.0116
Home Ing,false,false,true,true,816.4729,282.7318,360.0698
Sonsing,false,true,false,true,42.4748,794.5477,1036.2832
Redhold,true,true,true,false,1915.673,1264.3437,1878.6125
Biodex,false,false,true,false,1227.653,484.0429,1403.7104
Duobam,false,true,false,false,124.2056,1051.801,1526.6528
Toughjoyfax,true,false,false,true,174.7028,1398.2642,757.78
Stim,true,false,false,true,1744.1349,1165.6051,547.3923
Ronstring,true,true,false,false,1435.6246,968.3035,703.5665
Mat Lam Tam,true,true,true,false,1476.2709,1761.0933,1764.3812
Holdlamis,false,true,true,true,445.7945,970.4709,1332.4097
Namfix,true,true,true,true,714.142,917.6219,506.104
Cardguard,true,false,false,true,1923.1486,1209.8599,467.2233
Zaam-Dox,true,false,true,true,667.4146,1710.7015,1775.8545
Home Ing,true,false,false,true,1420.1168,741.1476,1744.9883
Sub-Ex,true,true,false,true,946.843,1587.173,427.7838
Matsoft,false,true,true,false,1431.5969,534.8054,753.1194
Span,false,true,true,false,1441.1602,204.0914,1345.9081
Lotstring,true,false,true,true,1870.2039,1840.1043,1134.2751
Tin,false,false,false,false,1540.5015,417.3165,609.0273
Fix San,false,true,false,true,1796.84,818.3034,1546.3204
Flexidy,true,true,false,false,685.0185,1967.7556,258.5285
Matsoft,true,true,true,false,1821.0485,1938.8208,566.8451
Lotstring,true,false,true,false,487.5024,751.1663,1167.8764
Fintone,false,false,true,true,1696.8148,516.7334,183.7266
Flowdesk,true,true,true,true,722.1671,564.7956,1139.2978
It,false,true,true,false,729.0568,1000.5262,525.2467
Keylex,false,false,true,false,329.9729,364.3972,957.4452
Biodex,false,true,false,true,329.4081,341.6146,1250.7966
Tres-Zap,true,false,false,false,511.5859,798.0158,1585.5225
Regrant,false,true,true,true,551.8257,602.3348,1524.311
Biodex,true,false,false,false,590.3854,1472.0247,1397.5067
Fintone,true,false,true,false,1949.7516,553.4766,294.0275
Domainer,false,false,true,true,901.0157,1040.4845,695.3955
Veribet,false,false,true,false,1497.8128,579.6383,1860.1552
Konklux,true,true,true,true,1695.1352,1447.172,662.3786
Viva,true,true,true,false,1994.0273,60.8116,1655.7366
Zoolab,true,true,false,false,1486.3041,869.9314,53.3245
Biodex,false,true,true,true,1523.4764,783.9828,661.7739
Zontrax,false,false,false,true,1161.2183,1081.8064,1955.9995
Tin,true,false,true,true,1761.2746,1909.3254,1030.9201
Otcom,false,false,false,false,1480.4021,1133.7681,1856.6944
Solarbreeze,false,true,true,false,1051.0162,704.5443,1213.9975
Gembucket,false,false,false,true,1503.1909,1768.4375,164.202
Lotlux,false,false,true,true,469.5864,1908.7138,1685.6068
Viva,true,false,true,false,108.7872,1269.1364,1905.6826
Solarbreeze,true,false,true,true,989.3483,109.5076,159.8432
Tres-Zap,false,false,true,true,1056.6894,1726.2832,1091.0775
Toughjoyfax,true,false,true,false,1559.5273,159.7839,569.2083
Holdlamis,false,true,true,true,1560.767,1753.6174,720.8641
Redhold,false,false,true,false,390.8855,1685.9246,1338.4078
Tres-Zap,true,true,false,true,1818.7322,137.7141,1592.2167
Span,true,false,true,true,371.3072,715.5943,1111.6533
Flexidy,true,false,true,true,395.0148,251.3382,1486.1979
Wrapsafe,true,false,true,false,1624.8544,854.0542,1471.195
Stim,false,true,false,false,237.9664,1801.42,1522.0369
Voltsillam,false,false,false,false,1146.9266,1323.3526,831.2435
Bamity,false,true,false,false,1791.9096,1881.278,1582.4676
Tres-Zap,true,true,false,false,72.7775,793.2253,744.31
Otcom,true,false,true,true,119.6012,449.925,585.6793
Regrant,true,true,true,false,282.0085,1607.3917,1322.5942
Fixflex,false,false,true,true,1068.4709,1049.9828,868.5008
Hatity,true,true,true,false,1396.4549,1716.1373,322.1192
Y-find,true,false,false,true,1296.7093,1821.7731,815.3132
Zontrax,false,false,true,false,598.9602,1480.7399,1345.8039
Konklab,true,true,false,true,1009.6426,1822.3121,1422.5634
Bytecard,true,true,false,true,629.5082,1115.7564,1266.927
Fix San,false,true,true,true,1238.3938,1817.1459,1674.0603
Stringtough,true,true,false,false,1575.1025,967.62,1993.1788
Wrapsafe,true,false,true,true,1573.1601,520.7821,1520.6161
Tampflex,false,false,false,false,3.2086,1029.4732,1168.112
Asoka,true,true,true,false,450.908,872.5027,979.3076
Lotstring,true,true,true,false,529.6382,1789.7485,972.5198
Sub-Ex,false,false,false,true,1678.2062,1136.274,883.7135
Veribet,false,false,false,false,1101.4567,1792.0992,1646.3573
Hatity,true,true,false,true,721.0314,440.1976,1927.94
Gembucket,false,true,false,true,382.5177,621.5265,1573.7981
Y-Solowarm,false,false,false,false,1453.2515,1704.7103,1858.2558
Opela,false,true,true,false,1201.0801,867.8762,1551.6104
Y-Solowarm,true,true,true,false,1477.1501,868.2553,1608.1366
Transcof,false,true,true,false,66.8248,59.8916,710.9424
Tres-Zap,false,false,true,true,84.4706,901.1256,215.715
Sub-Ex,true,true,true,false,1413.4933,773.5608,899.4161
Andalax,false,true,false,true,1474.9076,1284.5461,1996.253
Andalax,true,false,true,false,1336.8693,54.8124,276.0312
Zathin,true,false,false,false,1568.527,260.9663,1794.1604
Matsoft,false,true,true,false,883.5134,1033.2083,898.8049
Cardguard,false,false,true,true,669.9586,1413.3948,1367.0844
Cardify,true,false,true,false,1769.4854,335.4435,135.7431
Konklab,false,true,true,true,1517.3205,886.4201,51.3376
Sub-Ex,true,false,true,false,832.49,723.6825,769.098
Span,false,true,false,false,1009.858,1029.7709,1391.3004
Mat Lam Tam,false,true,true,true,452.7239,184.3215,596.7459
Domainer,true,false,true,true,1821.9599,783.1445,1329.2157
Vagram,false,true,true,false,489.839,664.8127,1584.8019
Andalax,true,false,true,false,1424.5744,1107.414,1900.9615
Zathin,true,false,false,false,166.251,802.5993,1750.3477
Namfix,false,true,false,false,654.6271,1162.671,1806.0244
Asoka,false,true,false,false,842.6654,353.1752,588.6948
Prodder,false,false,true,false,1120.3535,579.6143,1643.7551
Sonair,true,true,true,false,1329.606,566.1028,1456.0853
Konklux,false,false,true,false,1692.9288,836.6218,1802.7121
Fix San,true,true,false,true,818.8303,1068.5583,1660.2314
Stronghold,false,false,false,false,1006.4431,1392.4286,1025.2523
Asoka,false,true,false,true,288.0278,1417.7337,638.7296
Bitwolf,true,true,true,true,1984.1242,1988.0588,960.3043
Gembucket,true,true,false,false,1740.21,1106.1822,594.3941
Y-find,false,false,true,false,318.7822,496.327,940.6507
Voyatouch,true,false,true,true,667.9397,393.881,894.5858
Voyatouch,true,false,true,true,1798.2155,162.2641,1122.0114
Zathin,true,true,true,true,972.8401,797.7128,1215.2833
Treeflex,false,false,false,false,1179.3982,1873.3063,330.056
Voltsillam,true,true,false,false,1964.865,644.6564,1392.3606
Fixflex,true,true,false,false,1627.4247,488.2633,94.9457
Veribet,true,true,false,true,1383.8739,1904.8375,1554.5632
Zaam-Dox,true,true,false,false,1081.5391,486.9203,1739.5786
Job,false,false,false,false,1771.7419,830.2462,1285.2848
Zamit,false,false,true,true,1135.88,890.0556,1226.3416
Prodder,true,false,true,true,947.3431,1296.874,697.1069
Bigtax,true,false,true,true,1595.6295,249.8743,888.5174
Mat Lam Tam,true,true,false,false,1036.1787,963.42,933.2876
Zontrax,false,true,true,false,1018.5798,1027.2392,1041.1745
Tampflex,false,true,true,false,1098.4553,981.852,681.7427
Daltfresh,false,true,true,false,777.3789,1570.3777,1715.8432
Ronstring,false,true,false,false,1782.2149,1825.5031,130.9013
Asoka,false,false,false,true,430.5931,422.8047,478.9303
Sub-Ex,false,true,true,false,1660.3163,1162.3653,1327.7755
It,false,false,true,false,983.891,1059.36,1921.9646
Zathin,false,false,true,false,1403.7511,1033.4195,102.1006
Cardify,true,false,false,true,1912.9708,1812.698,203.676
Voyatouch,false,false,true,true,1138.852,403.2814,230.4581
Veribet,false,false,true,true,729.8512,1837.7922,894.0939
Domainer,true,true,true,true,133.9468,1148.1257,1569.3642
Domainer,true,false,true,false,787.6635,697.3934,229.4106
Span,true,false,true,true,1148.9912,227.4398,323.2529
Asoka,false,true,true,false,372.6585,1904.7963,1077.4924
Rank,false,false,false,false,712.5145,1452.9524,880.878
Tampflex,false,false,false,true,820.3067,556.6635,776.6872
Stim,false,false,false,false,205.712,321.4885,1266.0963
Lotlux,false,false,true,false,156.6068,789.8803,1110.631
Temp,true,true,true,true,1316.4842,432.7804,1550.4817
Zontrax,false,true,true,false,270.6483,396.0895,450.9569
Flexidy,false,true,false,false,852.694,153.9612,1674.0814
Alphazap,false,false,false,true,1751.1182,1651.627,339.4553
Wrapsafe,true,true,false,true,492.9874,886.8602,1330.1329
Zamit,false,false,false,true,1273.2866,1502.4376,342.6961
Alpha,true,false,true,false,1955.6574,36.8318,1291.6251
Zaam-Dox,false,true,true,true,1240.8081,1764.3578,805.1611
Y-find,false,false,true,true,316.8909,953.6527,1280.727
Tresom,true,true,false,true,534.6351,1391.369,78.1541
Alpha,false,false,true,true,1774.9073,1657.2236,1646.8651
Tempsoft,false,true,true,false,1162.3216,1392.2251,1835.3671
Voyatouch,true,false,true,false,984.7755,327.6661,1730.027
Gembucket,true,true,true,false,1485.8305,1252.8742,159.8857
Opela,false,false,true,true,130.6085,1802.1429,282.07
Bytecard,false,true,true,true,257.9918,44.41,637.976
Zontrax,true,false,false,true,1166.6222,153.5307,1168.6765
Flexidy,false,true,false,true,1658.7674,1896.184,1027.079
Gembucket,true,false,true,true,1949.7546,71.7356,1466.3665
Holdlamis,true,false,false,false,37.7007,1771.1951,1313.5194
Kanlam,false,false,true,false,1180.7771,899.5297,1373.9047
Cardify,false,false,true,false,1441.8451,1754.4589,1007.9051
Alpha,true,false,false,false,1929.0996,672.0713,1115.7168
Holdlamis,false,false,true,true,1415.1301,24.0458,1942.1603
Holdlamis,false,true,true,false,1943.1812,384.0308,1494.1267
Zontrax,false,true,false,true,955.3258,1409.7238,459.512
Bytecard,false,true,false,true,139.9982,187.2654,934.9658
Prodder,false,false,true,false,215.1445,328.9685,74.6871
Namfix,false,true,true,true,753.7572,1281.6709,488.7686
Holdlamis,false,true,true,false,34.2613,212.0445,1571.9014
Y-Solowarm,false,false,false,false,1160.2879,1251.051,287.7692
Tempsoft,true,false,true,false,785.5875,1460.2368,1623.9786
Ventosanzap,true,false,true,true,869.7925,586.2118,1344.713
Y-find,true,true,true,false,604.9263,1515.8497,140.2573
Greenlam,true,true,false,false,856.1284,613.6399,469.0332
Cardguard,false,true,true,true,966.0422,1943.2044,1394.8982
Gembucket,true,false,false,false,1877.2465,1797.8527,1586.2004
Pannier,true,false,true,false,185.1211,351.8983,1931.4766
Opela,false,true,true,true,39.4103,1762.4104,1461.9351
Keylex,true,false,false,true,791.9674,1943.7877,1538.0957
Bitwolf,false,true,true,true,574.2769,420.4544,1678.8668
Pannier,true,true,true,true,644.2741,803.1043,1532.8063
Domainer,false,false,false,false,477.4666,505.0089,1180.6571
Redhold,true,false,false,true,1228.4527,142.4213,824.6943
Ventosanzap,true,true,false,false,270.1323,1623.8276,1542.4231
Flowdesk,true,false,true,true,212.7625,302.93,1262.1867
Zamit,false,true,false,true,28.9706,605.4614,275.2055
Solarbreeze,true,true,true,false,1314.432,1703.0765,1446.4976
Lotstring,true,true,true,true,1906.1697,205.719,531.4035
Opela,true,true,false,true,1035.5297,488.0236,1499.1887
Cardify,false,true,false,true,941.4721,1495.2364,403.6396
Cardguard,false,false,false,false,305.9205,1836.7363,835.5244
Tres-Zap,false,false,false,false,1129.4611,703.2536,773.8774
Namfix,false,false,false,false,1070.6837,1288.1683,192.756
Treeflex,true,false,false,true,1887.9221,1614.5,1297.8874
Rank,true,false,false,true,1945.4857,13.0461,1025.89
Duobam,true,true,false,true,578.1285,1678.3862,1588.7839
Matsoft,false,true,false,false,970.4133,210.6371,1040.3543
Y-Solowarm,true,false,false,true,620.5831,1463.6566,984.2428
Otcom,false,false,false,true,1770.9735,1963.0798,56.9723
Otcom,true,true,false,false,1010.7361,1637.4563,36.906
Veribet,false,false,true,true,1735.4671,370.5893,746.7904
Matsoft,true,true,true,true,78.8401,1912.3108,65.3565
Prodder,false,true,true,false,1443.3625,96.2124,1909.2137
Bitchip,false,true,false,true,541.9657,259.9892,1203.016
Stronghold,false,true,false,false,246.5496,1349.3917,740.4106
Sonsing,true,false,false,true,275.9696,1617.4441,443.2542
Cardguard,false,false,false,false,1007.7767,1456.3001,842.9904
Span,false,true,false,true,977.0753,1969.7912,876.1516
Toughjoyfax,false,false,true,true,1766.4453,1056.874,1245.0352
Temp,false,false,false,true,1056.9872,299.3617,230.6044
Subin,true,false,true,false,1274.3325,1175.5397,1896.9338
Home Ing,true,true,false,false,890.8915,1106.4283,417.0872
Sonsing,false,true,true,false,1629.3087,645.5334,171.7783
It,false,false,true,false,757.9852,73.396,1461.0899
Solarbreeze,true,true,false,true,1243.8892,1205.097,1735.8614
Hatity,true,true,true,true,108.5301,316.7156,1145.7145
Sonair,false,true,false,true,69.909,1007.6241,165.1076
Zontrax,false,true,true,true,232.4717,1422.2986,1497.7415
Daltfresh,false,true,true,true,575.5647,1815.0762,63.169
Fix San,false,false,true,false,1970.4286,306.5356,909.2536
Biodex,true,false,false,false,793.3822,749.0044,164.4439
Subin,true,false,true,false,264.8192,1969.8385,1393.8787
Namfix,true,false,false,true,1454.4472,844.0568,197.8983
Aerified,false,false,false,true,1139.1659,1566.3549,282.2314
Wrapsafe,false,true,false,false,1168.1397,1164.8865,260.6866
Veribet,false,false,false,true,291.4991,1234.2619,1438.3793
Viva,false,false,false,true,301.3496,1314.6367,784.6931
Alphazap,true,true,false,false,1981.0725,1635.6975,1216.2163
Tampflex,true,false,false,true,559.2517,1222.0616,1336.1918
Bamity,false,true,false,false,1947.0601,213.5948,1814.4962
Flexidy,false,true,true,true,386.218,1578.6936,905.5567
